dataset,tracker,type,sequences,frames,gt_frames,mean_iou,success_auc,success_50,precision_20,norm_prec_auc,sa,mota,motp,precision,recall,f1,fps
val10,sutrack_b,sot,10,8911,8739,0.7362,0.7247,0.8757,0.9328,0.8149,0.7121,0.7515,0.7955,0.8781,0.8726,0.8753,72.8515
val10,mcitrack_b,sot,10,8911,8739,0.7277,0.7163,0.8679,0.9174,0.7692,0.7064,0.743,0.7825,0.8748,0.867,0.8709,42.4548
val10,focustrack,sot,10,8911,8739,0.7092,0.6986,0.8928,0.9257,0.7902,0.6862,0.7938,0.7583,0.9013,0.8914,0.8963,88.4471
val10,sutrack,sot,10,8911,8739,0.6971,0.6873,0.8323,0.8985,0.7785,0.6753,0.6631,0.7729,0.8335,0.8286,0.8311,139.3566
val10,asymtrack,sot,10,8911,8739,0.69,0.6801,0.8667,0.8966,0.7548,0.6469,0.7389,0.7506,0.8772,0.8591,0.8681,162.7533
val10,ortrack_deit,sot,10,8911,8739,0.6701,0.6617,0.7928,0.8083,0.7181,0.6439,0.5731,0.78,0.79,0.7805,0.7852,190.8529
val10,hit_b,sot,,,,,0.622,0.766,0.829,0.716,0.585,0.584,,,,0.785,143
val10,asymtrack_t,sot,,,,,0.615,0.774,0.807,0.700,0.593,0.543,,,,0.771,183
val10,mast,sot,,,,,0.590,0.702,0.739,0.646,0.514,0.454,,,,0.708,62
val10,avtrack,sot,,,,,0.554,0.646,0.654,0.585,0.502,0.356,,,,0.659,64
val10,hit_s,sot,,,,,0.537,0.650,0.661,0.594,0.468,0.475,,,,0.705,147
val10,hcat,sot,,,,,0.484,0.602,0.608,0.554,0.420,0.301,,,,0.617,55
val10,autotrack,sot,,,,,0.413,0.515,0.504,0.451,0.368,0.157,,,,0.534,49
val10,ecohc,sot,,,,,0.411,0.521,0.506,0.437,0.381,0.051,,,,0.508,50
val10,tctrackpp,sot,,,,,0.399,0.507,0.494,0.433,0.322,0.421,,,,0.621,190
val10,kalman,det,,,,,0.275,0.361,0.353,0.309,0.122,0.303,,,,0.479,229
val10,deepsort,det,,,,,0.100,0.129,0.123,0.113,-0.060,0.120,,,,0.244,167
val10,sort,det,,,,,0.098,0.124,0.120,0.110,-0.061,0.108,,,,0.238,235
val10,bytetrack,det,,,,,0.097,0.122,0.119,0.110,-0.060,0.105,,,,0.235,228
