frame,id,x1,y1,x2,y2,w,h,cx,cy
1,1,652.26,389.62,712.1,434.14,59.84,44.51,682.18,411.88
2,1,635.36,392.88,694.42,437.09,59.06,44.21,664.89,414.98
3,1,616.63,397.3,675.88,440.63,59.25,43.33,646.25,418.97
4,1,597.66,401.43,657.19,444.06,59.53,42.64,627.43,422.75
5,1,579.9,404.53,641.06,446.87,61.16,42.34,610.48,425.7
6,1,619.74,407.56,682.96,449.52,63.21,41.96,651.35,428.54
7,1,733.82,408.88,811.39,455.13,77.57,46.25,772.6,432.01
8,1,848.24,415.23,916.17,461.9,67.93,46.68,882.2,438.57
9,1,873.59,417.41,938.62,466.35,65.02,48.95,906.1,441.88
10,1,844.62,421.23,905.4,466.05,60.78,44.83,875.01,443.64
11,1,831.56,426.13,891.89,469.8,60.33,43.68,861.72,447.96
12,1,813.67,428.8,874.69,473.19,61.02,44.39,844.18,451.0
13,1,795.43,430.67,858.62,478.19,63.19,47.52,827.03,454.43
14,1,775.48,433.41,840.61,481.37,65.13,47.95,808.05,457.39
15,1,758.38,436.52,822.6,483.59,64.22,47.06,790.49,460.05
16,1,739.62,442.07,804.93,486.75,65.31,44.68,772.28,464.41
17,1,720.58,445.38,785.24,490.99,64.66,45.61,752.91,468.18
18,1,740.99,447.55,806.21,494.29,65.22,46.75,773.6,470.92
19,1,845.36,453.5,914.18,497.0,68.82,43.51,879.77,475.25
20,1,865.52,456.85,930.03,500.92,64.51,44.08,897.77,478.88
21,1,832.82,459.36,895.57,503.66,62.75,44.3,864.19,481.51
22,1,817.96,463.8,879.72,507.5,61.76,43.7,848.84,485.65
23,1,810.5,467.31,868.17,510.95,57.67,43.64,839.33,489.13
24,1,792.24,470.54,848.3,513.54,56.07,43.0,820.27,492.04
25,1,773.45,471.43,831.77,514.6,58.32,43.17,802.61,493.01
26,1,757.34,476.3,816.4,519.21,59.05,42.91,786.87,497.76
27,1,822.08,479.98,882.39,527.35,60.31,47.38,852.24,503.66
28,1,943.77,480.09,1012.22,529.79,68.45,49.69,978.0,504.94
29,1,1058.41,487.91,1125.31,531.54,66.89,43.63,1091.86,509.72
30,1,1142.32,490.72,1205.96,537.46,63.64,46.74,1174.14,514.09
31,1,1128.04,494.6,1194.92,539.06,66.88,44.47,1161.48,516.83
32,1,1102.82,496.54,1168.14,541.16,65.32,44.62,1135.48,518.85
33,1,1089.01,500.82,1151.48,545.61,62.48,44.78,1120.24,523.22
34,1,1075.8,503.72,1137.63,547.89,61.83,44.17,1106.72,525.8
35,1,1056.56,506.97,1118.07,550.4,61.51,43.43,1087.31,528.69
36,1,1038.16,510.72,1100.44,554.49,62.28,43.77,1069.3,532.6
37,1,1022.24,514.0,1084.01,558.02,61.77,44.02,1053.13,536.01
38,1,1004.61,515.53,1064.83,559.71,60.21,44.17,1034.72,537.62
39,1,985.81,519.59,1048.69,564.9,62.88,45.3,1017.25,542.25
40,1,967.33,520.74,1030.31,565.06,62.97,44.32,998.82,542.9
41,1,951.56,525.02,1012.93,569.6,61.37,44.58,982.25,547.31
42,1,932.34,526.69,994.59,572.29,62.25,45.6,963.47,549.49
43,1,913.48,529.72,976.57,575.34,63.09,45.62,945.03,552.53
44,1,896.31,533.74,958.82,578.8,62.52,45.06,927.57,556.27
45,1,880.27,537.97,942.46,581.23,62.19,43.26,911.36,559.6
46,1,862.96,538.97,925.18,584.38,62.22,45.41,894.07,561.68
47,1,847.31,544.77,906.98,589.14,59.67,44.37,877.14,566.96
48,1,830.76,547.44,887.59,591.54,56.83,44.1,859.18,569.49
49,1,811.64,547.29,869.52,592.75,57.88,45.46,840.58,570.02
50,1,793.12,552.42,854.81,596.5,61.69,44.08,823.96,574.46
51,1,775.83,557.0,836.13,598.91,60.3,41.91,805.98,577.95
52,1,757.87,559.18,818.43,602.54,60.56,43.36,788.15,580.86
53,1,739.47,562.36,801.3,605.51,61.83,43.14,770.39,583.93
54,1,721.77,565.54,784.77,609.39,63.0,43.85,753.27,587.47
55,1,704.72,566.7,769.38,611.25,64.66,44.55,737.05,588.97
56,1,689.82,570.64,751.41,615.18,61.59,44.54,720.61,592.91
57,1,672.58,573.63,735.2,618.11,62.62,44.47,703.89,595.87
58,1,655.85,576.97,718.92,621.09,63.07,44.12,687.39,599.03
59,1,638.74,579.37,701.19,624.9,62.45,45.53,669.96,602.13
60,1,665.95,583.12,723.67,627.09,57.72,43.97,694.81,605.11
61,1,776.66,586.39,842.98,636.12,66.32,49.73,809.82,611.26
62,1,894.59,591.01,962.45,637.76,67.86,46.74,928.52,614.38
63,1,963.78,598.24,1026.51,640.14,62.73,41.9,995.14,619.19
64,1,942.48,602.96,1001.18,643.5,58.7,40.53,971.83,623.23
65,1,921.89,606.43,983.62,646.08,61.73,39.64,952.76,626.26
66,1,912.34,608.76,970.46,648.9,58.12,40.14,941.4,628.83
67,1,897.69,613.52,954.73,653.72,57.04,40.2,926.21,633.62
68,1,883.95,614.48,939.42,657.13,55.47,42.65,911.69,635.8
69,1,862.38,619.03,922.53,658.94,60.16,39.91,892.45,638.99
70,1,849.05,623.82,906.7,663.21,57.65,39.39,877.87,643.51
71,1,853.94,626.21,911.33,666.34,57.39,40.14,882.63,646.27
72,1,950.9,629.28,1013.32,673.57,62.42,44.29,982.11,651.42
73,1,1029.59,630.21,1104.54,678.51,74.95,48.3,1067.06,654.36
74,1,1007.86,633.33,1075.11,680.28,67.25,46.95,1041.49,656.8
75,1,984.98,636.19,1054.43,684.72,69.45,48.53,1019.7,660.45
76,1,976.91,640.04,1042.54,687.08,65.63,47.03,1009.72,663.56
77,1,961.4,642.26,1029.1,689.89,67.69,47.63,995.25,666.07
78,1,946.3,646.54,1012.77,694.68,66.47,48.14,979.53,670.61
79,1,928.29,649.07,994.15,696.16,65.86,47.09,961.22,672.62
80,1,915.35,594.5,980.59,644.02,65.24,49.51,947.97,619.26
81,1,899.56,533.71,962.55,582.95,63.0,49.24,931.05,558.33
82,1,879.83,474.03,946.8,522.44,66.97,48.41,913.32,498.23
83,1,859.55,432.52,928.26,481.23,68.71,48.72,893.91,456.87
84,1,844.38,440.1,910.64,485.26,66.26,45.16,877.51,462.68
85,1,825.52,443.62,891.93,489.61,66.42,45.99,858.72,466.62
86,1,808.25,446.09,876.42,494.28,68.17,48.19,842.33,470.18
87,1,790.05,449.75,857.1,498.2,67.06,48.45,823.57,473.97
88,1,771.88,454.04,839.33,501.31,67.45,47.27,805.6,477.68
89,1,755.3,455.32,820.69,504.23,65.4,48.91,787.99,479.77
90,1,740.93,402.68,802.89,451.57,61.96,48.88,771.91,427.13
91,1,725.78,343.92,786.43,387.89,60.65,43.97,756.11,365.9
92,1,708.31,336.0,767.14,380.23,58.84,44.23,737.73,358.12
93,1,689.7,342.42,750.67,385.98,60.97,43.56,720.18,364.2
94,1,669.46,343.58,731.95,388.08,62.48,44.5,700.7,365.83
95,1,649.86,350.21,714.25,393.43,64.4,43.22,682.05,371.82
96,1,630.55,351.52,697.84,397.13,67.28,45.61,664.19,374.33
97,1,610.25,352.02,679.53,400.83,69.28,48.81,644.89,376.42
98,1,593.6,357.29,660.89,402.23,67.29,44.94,627.25,379.76
99,1,576.94,360.61,641.53,406.04,64.59,45.43,609.23,383.33
100,1,558.91,363.83,626.77,407.46,67.87,43.63,592.84,385.64
101,1,622.13,366.09,692.86,417.98,70.73,51.89,657.49,392.04
102,1,702.69,371.38,772.79,418.21,70.1,46.83,737.74,394.8
103,1,683.66,375.02,750.22,419.32,66.56,44.3,716.94,397.17
104,1,658.9,379.74,724.09,424.2,65.19,44.45,691.5,401.97
105,1,645.29,381.87,712.55,425.93,67.25,44.06,678.92,403.9
106,1,629.9,385.5,694.45,429.88,64.55,44.39,662.18,407.69
107,1,611.22,389.3,675.39,432.82,64.17,43.52,643.3,411.06
108,1,593.63,391.31,659.55,434.29,65.93,42.98,626.59,412.8
109,1,577.15,394.62,639.98,438.42,62.83,43.8,608.57,416.52
110,1,580.38,396.72,644.19,442.71,63.8,45.99,612.28,419.71
111,1,677.81,400.18,750.21,444.82,72.39,44.64,714.01,422.5
112,1,799.06,406.37,868.08,447.14,69.02,40.77,833.57,426.75
113,1,908.89,408.52,976.56,452.29,67.67,43.77,942.72,430.4
114,1,933.29,412.09,995.14,456.42,61.85,44.34,964.22,434.26
115,1,903.37,412.93,962.01,458.03,58.64,45.1,932.69,435.48
116,1,886.23,417.97,941.85,461.65,55.62,43.68,914.04,439.81
117,1,871.34,422.12,928.2,464.4,56.86,42.28,899.77,443.26
118,1,852.3,423.89,910.91,466.72,58.6,42.83,881.6,445.31
119,1,830.26,426.06,893.53,469.07,63.27,43.01,861.89,447.57
120,1,811.47,429.92,873.34,472.73,61.87,42.81,842.41,451.32
121,1,859.23,431.22,917.17,475.98,57.94,44.76,888.2,453.6
122,1,975.2,435.76,1034.98,478.78,59.77,43.02,1005.09,457.27
123,1,1043.56,440.65,1109.07,482.64,65.51,41.98,1076.31,461.65
124,1,1023.1,443.49,1080.9,482.82,57.8,39.32,1052.0,463.15
125,1,997.04,446.84,1056.24,486.22,59.2,39.38,1026.64,466.53
126,1,979.04,449.36,1042.49,489.82,63.45,40.46,1010.77,469.59
127,1,962.61,452.65,1025.4,493.98,62.79,41.34,994.01,473.31
128,1,943.92,453.16,1007.49,495.15,63.57,41.99,975.71,474.15
129,1,927.52,457.88,989.1,499.01,61.57,41.13,958.31,478.44
130,1,911.73,460.49,969.77,501.17,58.04,40.68,940.75,480.83
131,1,893.87,463.2,949.51,502.62,55.64,39.42,921.69,482.91
132,1,871.56,467.37,930.73,506.72,59.16,39.35,901.15,487.05
133,1,850.87,470.43,913.88,509.53,63.01,39.09,882.37,489.98
134,1,834.19,473.66,890.87,513.18,56.68,39.53,862.53,493.42
135,1,815.77,475.52,872.85,514.7,57.08,39.18,844.31,495.11
136,1,797.46,475.51,853.46,517.18,55.99,41.67,825.46,496.35
137,1,775.78,479.93,834.49,520.9,58.71,40.96,805.14,500.41
138,1,755.58,483.3,814.75,523.69,59.17,40.39,785.17,503.5
139,1,732.25,486.69,796.24,525.84,64.0,39.15,764.24,506.26
140,1,713.07,487.97,777.05,528.16,63.98,40.19,745.06,508.07
141,1,719.8,490.51,780.89,530.34,61.09,39.84,750.35,510.43
142,1,820.33,489.21,889.23,538.83,68.9,49.63,854.78,514.02
143,1,938.48,496.95,1010.09,541.44,71.61,44.49,974.28,519.2
144,1,1029.15,501.06,1092.56,541.73,63.41,40.67,1060.85,521.39
145,1,1023.27,503.58,1081.33,544.95,58.06,41.37,1052.3,524.27
146,1,989.77,506.2,1050.97,546.86,61.19,40.66,1020.37,526.53
147,1,972.41,509.84,1033.07,549.62,60.67,39.78,1002.74,529.73
148,1,954.22,511.65,1016.93,551.51,62.71,39.86,985.57,531.58
149,1,937.77,514.2,998.24,556.28,60.47,42.07,968.0,535.24
150,1,920.93,515.66,976.52,558.57,55.59,42.91,948.73,537.12
151,1,901.72,518.48,955.76,560.19,54.04,41.71,928.74,539.33
152,1,876.56,520.99,938.21,561.44,61.64,40.45,907.39,541.21
153,1,856.88,523.84,917.96,564.4,61.08,40.55,887.42,544.12
154,1,839.81,526.62,895.66,566.62,55.85,40.0,867.74,546.62
155,1,818.31,527.21,877.14,568.36,58.82,41.14,847.73,547.78
156,1,796.73,531.61,853.4,572.6,56.68,40.99,825.06,552.11
157,1,776.2,532.09,832.78,575.7,56.57,43.6,804.49,553.9
158,1,754.75,535.59,812.04,578.3,57.28,42.7,783.4,556.94
159,1,734.07,540.13,792.79,582.36,58.73,42.23,763.43,561.24
160,1,709.2,541.75,769.84,582.59,60.64,40.84,739.52,562.17
161,1,684.26,544.15,748.95,586.23,64.69,42.08,716.6,565.19
162,1,662.22,547.41,727.19,588.66,64.96,41.25,694.7,568.04
163,1,641.41,549.62,704.79,590.81,63.38,41.2,673.1,570.21
164,1,620.79,551.86,684.3,593.73,63.51,41.87,652.55,572.79
165,1,597.8,556.13,662.75,596.57,64.95,40.44,630.28,576.35
166,1,575.41,557.45,640.1,598.98,64.7,41.53,607.75,578.22
167,1,553.49,560.22,616.41,602.75,62.92,42.53,584.95,581.48
168,1,531.42,561.69,594.39,604.22,62.98,42.54,562.9,582.95
169,1,509.34,563.69,572.44,607.15,63.1,43.46,540.89,585.42
170,1,487.66,567.93,548.18,610.99,60.52,43.05,517.92,589.46
171,1,477.76,570.09,536.94,611.46,59.18,41.37,507.35,590.77
172,1,451.79,572.46,513.65,614.84,61.86,42.38,482.72,593.65
173,1,430.75,575.01,492.68,617.44,61.93,42.43,461.71,596.22
174,1,409.7,577.57,471.7,620.04,62.0,42.47,440.7,598.8
175,1,388.66,580.12,450.72,622.64,62.06,42.52,419.69,601.38
176,1,367.61,582.68,429.75,625.24,62.13,42.56,398.68,603.96
177,1,346.57,585.23,408.77,627.84,62.2,42.61,377.67,606.54
178,1,325.53,587.79,387.79,630.44,62.27,42.66,356.66,609.11
179,1,304.48,590.34,366.81,633.04,62.33,42.7,335.65,611.69
180,1,283.44,592.9,345.84,635.65,62.4,42.75,314.64,614.27
181,1,262.39,595.45,324.86,638.25,62.47,42.79,293.63,616.85
182,1,241.35,598.01,303.88,640.85,62.53,42.84,272.62,619.43
183,1,220.31,600.56,282.91,643.45,62.6,42.89,251.61,622.01
184,1,199.26,603.12,261.93,646.05,62.67,42.93,230.6,624.58
185,1,178.22,605.67,240.95,648.65,62.73,42.98,209.59,627.16
186,1,157.17,608.23,219.98,651.25,62.8,43.02,188.57,629.74
187,1,136.13,610.78,199.0,653.85,62.87,43.07,167.56,632.32
188,1,115.09,613.34,178.02,656.45,62.93,43.11,146.55,634.9
189,1,94.04,615.89,157.04,659.05,63.0,43.16,125.54,637.47
190,1,73.0,618.45,136.07,661.66,63.07,43.21,104.53,640.05
191,1,51.96,621.01,115.09,664.26,63.13,43.25,83.52,642.63
192,1,30.91,623.56,94.11,666.86,63.2,43.3,62.51,645.21
193,1,9.87,626.12,73.13,669.46,63.27,43.34,41.5,647.79
194,1,-11.18,628.67,52.16,672.06,63.33,43.39,20.49,650.37
195,1,-32.22,631.23,31.18,674.66,63.4,43.43,-0.52,652.94
196,1,-53.26,633.78,10.2,677.26,63.46,43.48,-21.53,655.52
197,1,-74.31,636.34,-10.78,679.86,63.53,43.52,-42.54,658.1
198,1,-95.35,638.89,-31.75,682.46,63.6,43.57,-63.55,660.68
199,1,-116.39,641.45,-52.73,685.06,63.66,43.61,-84.56,663.26
200,1,-137.44,644.01,-73.71,687.66,63.73,43.66,-105.57,665.84
201,1,-158.48,646.56,-94.69,690.26,63.79,43.7,-126.58,668.41
202,2,617.8,407.97,683.84,449.37,66.04,41.41,650.82,428.67
203,2,596.39,409.19,659.07,450.73,62.68,41.54,627.73,429.96
204,2,574.13,414.64,634.56,456.0,60.44,41.35,604.34,435.32
205,2,545.76,418.4,612.13,459.11,66.37,40.71,578.94,438.76
206,2,521.89,418.66,584.57,460.94,62.68,42.28,553.23,439.8
207,2,497.12,421.53,560.37,463.88,63.25,42.35,528.75,442.7
208,2,474.96,424.17,536.61,465.64,61.65,41.47,505.78,444.91
209,2,451.58,426.17,512.71,467.48,61.13,41.31,482.15,446.82
210,2,426.5,429.28,488.36,470.44,61.86,41.16,457.43,449.86
211,2,402.28,432.02,463.95,473.05,61.67,41.04,433.12,452.54
212,2,378.07,434.75,439.55,475.66,61.48,40.91,408.81,455.21
213,2,353.86,437.49,415.15,478.27,61.29,40.78,384.5,457.88
214,2,329.65,440.23,390.74,480.88,61.09,40.65,360.19,460.55
215,2,305.44,442.97,366.34,483.49,60.9,40.52,335.89,463.23
216,2,281.22,445.7,341.93,486.1,60.7,40.39,311.58,465.9
217,2,257.01,448.44,317.52,488.7,60.51,40.26,287.27,468.57
218,2,232.8,451.18,293.12,491.31,60.31,40.13,262.96,471.25
219,2,208.59,453.92,268.71,493.92,60.12,40.0,238.65,473.92
220,2,184.38,456.66,244.3,496.53,59.92,39.87,214.34,476.59
221,2,160.17,459.39,219.9,499.13,59.72,39.74,190.03,479.26
222,2,135.96,462.13,195.49,501.74,59.52,39.61,165.73,481.94
223,2,111.75,464.87,171.08,504.35,59.33,39.48,141.42,484.61
224,2,87.55,467.61,146.67,506.95,59.13,39.34,117.11,487.28
225,2,63.34,470.35,122.26,509.56,58.93,39.21,92.8,489.96
226,2,39.13,473.09,97.85,512.17,58.73,39.08,68.49,492.63
227,2,14.92,475.83,73.45,514.77,58.52,38.94,44.18,495.3
228,2,-9.29,478.57,49.04,517.38,58.32,38.81,19.87,497.97
229,2,-33.49,481.31,24.63,519.98,58.12,38.67,-4.43,500.65
230,2,-57.7,484.05,0.22,522.59,57.91,38.54,-28.74,503.32
231,2,-81.91,486.79,-24.2,525.19,57.71,38.4,-53.05,505.99
232,2,-106.11,489.53,-48.61,527.8,57.51,38.26,-77.36,508.67
233,2,-130.32,492.27,-73.02,530.4,57.3,38.13,-101.67,511.34
234,2,-154.52,495.02,-97.43,533.01,57.09,37.99,-125.98,514.01
235,2,-178.73,497.76,-121.84,535.61,56.89,37.85,-150.28,516.68
236,2,-202.93,500.5,-146.25,538.21,56.68,37.71,-174.59,519.36
237,2,-227.14,503.24,-170.67,540.82,56.47,37.57,-198.9,522.03
238,2,-251.34,505.99,-195.08,543.42,56.26,37.43,-223.21,524.7
239,2,-275.54,508.73,-219.49,546.02,56.05,37.29,-247.52,527.38
240,3,772.05,488.49,834.91,534.23,62.86,45.74,803.48,511.36
241,3,878.55,490.42,939.6,537.33,61.05,46.91,909.07,513.88
242,3,961.17,492.69,1021.65,539.74,60.49,47.05,991.41,516.21
243,3,943.06,494.8,1000.01,539.96,56.94,45.16,971.54,517.38
244,3,902.72,498.22,964.16,539.71,61.43,41.48,933.44,518.97
245,3,887.03,500.3,941.16,541.77,54.13,41.47,914.09,521.03
246,3,864.23,504.25,919.97,542.63,55.74,38.38,892.1,523.44
247,3,835.37,506.35,894.45,544.44,59.07,38.09,864.91,525.4
248,3,806.66,506.66,870.14,545.23,63.49,38.57,838.4,525.95
249,3,794.71,508.32,853.95,548.0,59.24,39.68,824.33,528.16
250,3,876.17,508.2,930.74,551.23,54.57,43.02,903.45,529.72
251,3,987.51,508.22,1052.8,557.11,65.3,48.89,1020.16,532.67
252,3,1047.7,511.6,1116.16,556.97,68.46,45.37,1081.93,534.29
253,3,1023.46,512.97,1081.61,558.46,58.15,45.48,1052.53,535.72
254,3,991.22,517.29,1048.03,560.33,56.82,43.04,1019.62,538.81
255,3,971.97,521.31,1030.31,562.35,58.34,41.05,1001.14,541.83
256,3,946.26,522.01,1006.47,563.76,60.21,41.76,976.37,542.88
257,3,922.45,523.09,984.17,566.03,61.71,42.94,953.31,544.56
258,3,894.76,525.54,958.45,567.81,63.69,42.26,926.61,546.68
259,3,871.46,526.44,936.12,569.64,64.65,43.2,903.79,548.04
260,3,850.04,527.38,911.11,572.52,61.07,45.14,880.58,549.95
261,3,823.78,528.62,884.85,574.25,61.06,45.64,854.32,551.43
262,3,800.17,531.53,862.3,576.61,62.14,45.09,831.24,554.07
263,3,778.7,534.57,835.09,578.56,56.38,44.0,806.9,556.57
264,3,754.16,535.17,813.07,578.74,58.9,43.57,783.61,556.96
265,3,725.23,538.57,788.26,580.79,63.03,42.23,756.74,559.68
266,3,698.94,541.21,767.04,582.24,68.11,41.03,732.99,561.72
267,3,678.58,542.32,737.92,583.71,59.34,41.39,708.25,563.02
268,3,656.53,544.68,714.3,585.84,57.77,41.16,685.41,565.26
269,3,632.92,548.17,689.6,587.4,56.68,39.23,661.26,567.78
270,3,608.15,548.02,664.52,589.09,56.36,41.07,636.33,568.56
271,3,580.95,549.66,641.87,592.99,60.92,43.33,611.41,571.33
272,3,555.02,552.01,615.13,594.49,60.11,42.48,585.07,573.25
273,3,527.69,553.31,594.13,595.32,66.44,42.0,560.91,574.31
274,3,508.03,556.1,569.31,599.21,61.28,43.11,538.67,577.65
275,3,483.12,557.31,546.73,601.96,63.61,44.65,514.93,579.64
276,3,460.5,561.08,522.18,603.41,61.68,42.33,491.34,582.24
277,3,438.92,562.03,496.02,605.52,57.1,43.49,467.47,583.77
278,3,416.19,562.64,475.25,606.04,59.06,43.41,445.72,584.34
279,3,447.92,565.5,510.07,609.52,62.16,44.02,479.0,587.51
280,3,407.95,567.63,468.52,610.85,60.57,43.22,438.24,589.24
281,3,387.41,569.62,447.93,612.81,60.53,43.19,417.67,591.21
282,3,366.86,571.6,427.35,614.76,60.48,43.16,397.1,593.18
283,3,359.83,523.38,585.77,560.6,225.95,37.23,472.8,541.99
284,3,380.47,526.46,513.69,567.15,133.22,40.69,447.08,546.81
285,3,366.12,524.51,500.49,565.55,134.37,41.04,433.3,545.03
286,3,351.76,522.56,487.27,563.95,135.51,41.38,419.52,543.26
287,3,337.42,520.62,474.06,562.35,136.64,41.73,405.74,541.48
288,3,323.07,518.67,460.83,560.74,137.76,42.07,391.95,539.71
289,3,308.73,516.73,447.61,559.14,138.87,42.41,378.17,537.93
290,3,378.56,474.01,591.44,582.18,212.87,108.17,485.0,528.1
291,3,367.09,485.9,576.31,566.68,209.21,80.79,471.7,526.29
292,3,380.64,502.25,586.56,567.97,205.93,65.72,483.6,535.11
293,3,369.33,493.62,580.76,568.65,211.43,75.03,475.05,531.14
294,3,384.71,472.85,586.56,577.42,201.85,104.57,485.64,525.13
295,3,370.89,480.8,586.15,567.66,215.26,86.86,478.52,524.23
296,3,366.02,478.46,583.59,566.25,217.57,87.79,474.8,522.35
297,3,361.16,476.11,581.02,564.83,219.86,88.71,471.09,520.47
298,3,369.32,489.07,615.98,568.38,246.67,79.31,492.65,528.73
299,3,369.85,483.59,605.43,569.07,235.58,85.49,487.64,526.33
300,3,366.74,481.99,604.65,568.32,237.91,86.33,485.7,525.16
301,3,374.8,494.9,607.48,580.01,232.68,85.11,491.14,537.45
302,3,881.28,455.49,942.48,496.05,61.19,40.55,911.88,475.77
303,3,863.0,460.49,919.52,498.95,56.51,38.45,891.26,479.72
304,3,842.42,464.14,898.09,502.37,55.67,38.23,870.26,483.26
305,3,819.32,464.98,876.39,505.59,57.08,40.62,847.86,485.28
306,3,793.98,467.32,854.82,507.38,60.85,40.07,824.4,487.35
307,3,770.08,468.99,832.05,508.98,61.97,39.99,801.07,488.98
308,3,747.33,472.75,807.64,512.33,60.31,39.58,777.49,492.54
309,3,723.69,474.27,785.26,513.65,61.57,39.38,754.47,493.96
310,3,704.34,477.0,762.21,515.88,57.87,38.88,733.27,496.44
311,3,684.15,477.32,739.99,518.63,55.84,41.31,712.07,497.97
312,3,660.18,480.75,718.53,520.26,58.34,39.51,689.35,500.5
313,3,632.82,480.41,695.75,521.12,62.93,40.7,664.28,500.76
314,3,613.0,485.57,670.43,524.08,57.43,38.51,641.72,504.83
315,3,591.62,487.32,648.06,525.01,56.44,37.69,619.84,506.17
316,3,570.2,490.93,625.8,527.36,55.6,36.43,598.0,509.14
317,3,563.48,493.35,623.13,530.77,59.65,37.42,593.3,512.06
318,3,658.38,492.0,723.13,538.18,64.74,46.18,690.75,515.09
319,3,774.11,493.06,840.93,542.61,66.81,49.55,807.52,517.84
320,3,881.34,497.98,943.19,542.34,61.85,44.37,912.27,520.16
321,3,978.35,500.09,1050.21,545.89,71.86,45.8,1014.28,522.99
322,3,1025.35,503.55,1086.99,547.86,61.64,44.31,1056.17,525.71
323,3,992.88,506.49,1052.2,550.2,59.31,43.71,1022.54,528.35
324,3,969.51,508.15,1026.59,551.92,57.08,43.77,998.05,530.03
325,3,945.51,511.55,1008.03,555.91,62.52,44.37,976.77,533.73
326,3,924.61,512.94,986.14,558.59,61.53,45.65,955.37,535.77
327,3,905.35,515.75,963.38,560.04,58.02,44.3,934.36,537.9
328,3,878.71,517.93,940.3,560.58,61.59,42.66,909.5,539.25
329,3,874.34,519.93,938.55,562.81,64.21,42.89,906.45,541.37
330,3,963.62,522.62,1028.06,566.54,64.45,43.92,995.84,544.58
331,3,976.1,526.39,1033.63,571.85,57.53,45.46,1004.87,549.12
332,3,934.29,526.04,996.21,572.65,61.91,46.61,965.25,549.34
333,3,911.96,530.91,973.58,575.84,61.62,44.93,942.77,553.38
334,3,895.59,533.44,953.46,578.45,57.87,45.01,924.52,555.94
335,3,874.32,535.23,930.49,579.59,56.17,44.37,902.4,557.41
336,3,844.87,537.45,905.61,582.0,60.74,44.54,875.24,559.72
337,3,822.36,539.33,885.29,585.22,62.93,45.89,853.82,562.27
338,3,802.37,541.4,862.46,587.41,60.09,46.01,832.41,564.4
339,3,775.91,544.44,840.54,590.38,64.63,45.94,808.23,567.41
340,3,752.51,547.62,814.81,593.01,62.3,45.39,783.66,570.32
341,3,733.56,550.59,791.53,595.79,57.97,45.2,762.54,573.19
342,3,705.11,554.61,767.26,598.12,62.15,43.51,736.18,576.36
343,3,684.83,555.49,743.07,600.65,58.24,45.16,713.95,578.07
344,3,658.55,559.97,719.77,603.2,61.22,43.23,689.16,581.58
345,3,633.74,562.79,695.59,605.97,61.85,43.18,664.66,584.38
346,3,613.6,565.55,669.19,608.72,55.59,43.18,641.4,587.14
347,3,582.76,570.16,644.0,611.18,61.23,41.03,613.38,590.67
348,3,560.82,573.8,620.43,613.98,59.61,40.18,590.62,593.89
349,3,540.37,576.5,594.95,616.9,54.58,40.4,567.66,596.7
350,3,510.78,578.04,570.76,620.15,59.99,42.11,540.77,599.1
351,3,491.28,577.9,548.54,623.64,57.27,45.73,519.91,600.77
352,3,464.61,581.52,523.72,626.21,59.11,44.69,494.17,603.86
353,3,458.7,583.31,520.57,629.34,61.88,46.03,489.63,606.33
354,3,430.56,587.14,489.84,631.02,59.28,43.89,460.2,609.08
355,3,407.77,589.84,466.98,633.67,59.21,43.83,437.38,611.75
356,3,384.98,592.54,444.11,636.31,59.13,43.77,414.55,614.43
357,3,362.19,595.24,421.25,638.96,59.05,43.72,391.72,617.1
358,3,339.41,597.95,398.38,641.61,58.98,43.66,368.89,619.78
359,3,316.62,600.65,375.52,644.25,58.9,43.6,346.07,622.45
360,3,293.83,603.35,352.65,646.9,58.83,43.55,323.24,625.13
361,3,271.04,606.05,329.79,649.55,58.75,43.49,300.41,627.8
362,3,248.25,608.76,306.92,652.19,58.67,43.44,277.59,630.47
363,3,225.46,611.46,284.06,654.84,58.6,43.38,254.76,633.15
364,3,202.67,614.16,261.19,657.48,58.52,43.32,231.93,635.82
365,3,179.88,616.86,238.33,660.13,58.45,43.27,209.11,638.5
366,3,157.1,619.57,215.46,662.78,58.37,43.21,186.28,641.17
367,3,134.31,622.27,192.6,665.42,58.29,43.15,163.45,643.85
368,3,111.52,624.97,169.73,668.07,58.22,43.1,140.63,646.52
369,3,88.73,627.68,146.87,670.71,58.14,43.04,117.8,649.2
370,3,65.94,630.38,124.0,673.36,58.06,42.98,94.97,651.87
371,3,43.15,633.08,101.14,676.01,57.98,42.92,72.15,654.54
372,3,20.37,635.78,78.27,678.65,57.91,42.87,49.32,657.22
373,3,-2.42,638.49,55.41,681.3,57.83,42.81,26.49,659.89
374,3,-25.21,641.19,32.54,683.94,57.75,42.75,3.67,662.57
375,3,-48.0,643.89,9.68,686.59,57.67,42.7,-19.16,665.24
376,3,-70.79,646.6,-13.19,689.23,57.6,42.64,-41.99,667.92
377,3,-93.57,649.3,-36.06,691.88,57.52,42.58,-64.81,670.59
378,3,-116.36,652.0,-58.92,694.53,57.44,42.52,-87.64,673.26
379,3,-139.15,654.71,-81.79,697.17,57.36,42.47,-110.47,675.94
380,3,-161.94,657.41,-104.65,699.82,57.29,42.41,-133.3,678.61
381,3,-184.73,660.11,-127.52,702.46,57.21,42.35,-156.12,681.29
382,3,-207.51,662.82,-150.38,705.11,57.13,42.29,-178.95,683.96
383,3,-230.3,665.52,-173.25,707.75,57.05,42.23,-201.78,686.64
384,4,631.63,459.41,693.9,501.83,62.27,42.42,662.76,480.62
385,4,607.64,462.48,669.11,503.8,61.47,41.33,638.37,483.14
386,4,582.68,465.92,641.18,506.36,58.5,40.44,611.93,486.14
387,4,558.94,466.94,616.11,507.88,57.17,40.94,587.52,487.41
388,4,531.26,470.79,592.34,510.41,61.08,39.62,561.8,490.6
389,4,507.8,473.83,566.85,514.16,59.05,40.32,537.32,493.99
390,4,485.35,476.3,542.5,515.42,57.15,39.12,513.92,495.86
391,4,461.12,478.98,519.18,518.91,58.06,39.93,490.15,498.94
392,4,441.02,482.04,497.83,522.15,56.81,40.1,469.43,502.09
393,4,415.59,485.1,472.13,524.06,56.54,38.96,443.86,504.58
394,4,391.69,487.96,447.71,526.57,56.03,38.61,419.7,507.27
395,4,367.78,490.83,423.29,529.09,55.51,38.26,395.53,509.96
396,4,343.87,493.7,398.87,531.6,54.99,37.9,371.37,512.65
397,4,367.08,524.24,589.65,554.94,222.57,30.7,478.37,539.59
398,4,365.36,520.19,594.56,555.63,229.19,35.44,479.96,537.91
399,4,350.19,527.65,591.11,557.21,240.93,29.56,470.65,542.43
400,4,352.51,529.46,563.32,565.38,210.81,35.91,457.92,547.42
401,4,375.49,524.68,587.69,555.23,212.2,30.55,481.59,539.95
402,4,375.53,525.51,586.31,557.66,210.78,32.15,480.92,541.59
403,4,360.03,529.06,579.56,563.73,219.53,34.68,469.8,546.4
404,4,351.41,532.0,575.29,567.36,223.88,35.36,463.35,549.68
405,4,381.45,478.88,581.94,569.26,200.5,90.38,481.69,524.07
406,4,390.28,490.06,590.61,588.7,200.33,98.63,490.44,539.38
407,4,385.82,467.56,618.82,569.34,232.99,101.78,502.32,518.45
408,4,382.47,487.1,604.93,583.98,222.45,96.88,493.7,535.54
409,4,866.48,525.96,934.39,577.29,67.92,51.33,900.44,551.63
410,4,846.02,529.61,907.05,577.86,61.03,48.25,876.54,553.74
411,4,823.66,535.58,883.95,581.6,60.29,46.02,853.8,558.59
412,4,802.09,537.4,862.85,584.64,60.76,47.24,832.47,561.02
413,4,782.19,540.44,841.32,588.09,59.13,47.66,811.76,564.26
414,4,758.96,545.25,818.44,592.03,59.48,46.79,788.7,568.64
415,4,736.27,546.06,798.75,592.82,62.48,46.76,767.51,569.44
416,4,715.58,550.27,777.4,597.4,61.82,47.13,746.49,573.83
417,4,693.83,553.86,753.44,599.57,59.61,45.71,723.64,576.71
418,4,674.78,555.51,734.83,602.5,60.05,46.99,704.8,579.01
419,4,653.66,560.34,710.82,605.29,57.16,44.95,682.24,582.81
420,4,633.99,558.25,692.61,607.05,58.62,48.79,663.3,582.65
421,4,668.41,561.63,729.55,611.23,61.14,49.6,698.98,586.43
422,4,790.2,575.73,846.7,617.02,56.5,41.29,818.45,596.37
423,4,900.46,576.76,962.05,620.91,61.59,44.15,931.25,598.84
424,4,965.48,579.38,1028.29,624.47,62.81,45.08,996.88,601.92
425,4,944.04,585.3,997.51,626.97,53.47,41.68,970.78,606.13
426,4,916.85,585.64,976.89,625.61,60.05,39.97,946.87,605.62
427,4,904.53,589.89,958.45,631.07,53.93,41.18,931.49,610.48
428,4,884.34,591.8,940.24,634.27,55.89,42.47,912.29,613.03
429,4,867.25,593.36,920.44,634.38,53.19,41.02,893.84,613.87
430,4,848.45,596.89,902.83,637.85,54.38,40.96,875.64,617.37
431,4,830.49,598.21,884.53,639.82,54.04,41.61,857.51,619.01
432,4,813.0,597.17,866.25,640.66,53.25,43.5,839.63,618.91
433,4,796.93,542.54,845.34,584.72,48.42,42.19,821.14,563.63
434,4,775.04,478.83,831.0,520.46,55.95,41.62,803.02,499.65
435,4,757.69,419.2,815.9,461.25,58.21,42.05,786.8,440.22
436,4,744.09,415.45,795.08,458.44,51.0,42.99,769.58,436.94
437,4,723.76,416.63,778.71,460.59,54.95,43.96,751.23,438.61
438,4,709.1,422.41,761.31,464.65,52.21,42.23,735.21,443.53
439,4,693.33,425.72,744.49,468.47,51.16,42.74,718.91,447.1
440,4,673.77,427.74,726.7,468.95,52.93,41.21,700.24,448.34
441,4,662.65,433.48,711.17,474.06,48.52,40.58,686.91,453.77
442,4,646.71,432.74,697.24,475.99,50.52,43.25,671.97,454.37
443,4,654.97,437.61,703.55,478.4,48.57,40.79,679.26,458.01
444,4,758.05,444.18,808.91,481.83,50.86,37.65,783.48,463.01
445,4,883.78,443.74,937.02,483.88,53.24,40.14,910.4,463.81
446,4,973.4,446.15,1027.73,486.39,54.34,40.24,1000.57,466.27
447,4,966.36,449.88,1017.16,490.6,50.8,40.71,991.76,470.24
448,4,943.16,452.75,995.64,493.07,52.48,40.32,969.4,472.91
449,4,936.48,456.27,985.27,496.02,48.79,39.75,960.88,476.14
450,4,925.68,461.55,975.47,499.79,49.8,38.24,950.58,480.67
451,4,915.9,462.5,964.25,499.66,48.35,37.17,940.07,481.08
452,4,904.53,466.69,951.19,504.4,46.66,37.7,927.86,485.55
453,4,901.27,469.21,951.05,507.43,49.78,38.22,926.16,488.32
454,4,995.52,474.65,1041.44,511.88,45.92,37.23,1018.48,493.27
455,4,995.52,474.65,1041.44,511.88,45.92,37.23,1018.48,493.27
456,4,995.52,474.65,1041.44,511.88,45.92,37.23,1018.48,493.27
457,4,995.52,474.65,1041.44,511.88,45.92,37.23,1018.48,493.27
458,4,995.52,474.65,1041.44,511.88,45.92,37.23,1018.48,493.27
459,4,995.52,474.65,1041.44,511.88,45.92,37.23,1018.48,493.27
460,4,995.52,474.65,1041.44,511.88,45.92,37.23,1018.48,493.27
461,4,995.52,474.65,1041.44,511.88,45.92,37.23,1018.48,493.27
462,4,995.52,474.65,1041.44,511.88,45.92,37.23,1018.48,493.27
463,4,995.52,474.65,1041.44,511.88,45.92,37.23,1018.48,493.27
464,4,995.52,474.65,1041.44,511.88,45.92,37.23,1018.48,493.27
465,4,995.52,474.65,1041.44,511.88,45.92,37.23,1018.48,493.27
466,4,995.52,474.65,1041.44,511.88,45.92,37.23,1018.48,493.27
467,4,995.52,474.65,1041.44,511.88,45.92,37.23,1018.48,493.27
468,4,995.52,474.65,1041.44,511.88,45.92,37.23,1018.48,493.27
469,4,995.52,474.65,1041.44,511.88,45.92,37.23,1018.48,493.27
470,4,995.52,474.65,1041.44,511.88,45.92,37.23,1018.48,493.27
471,4,995.52,474.65,1041.44,511.88,45.92,37.23,1018.48,493.27
472,4,995.52,474.65,1041.44,511.88,45.92,37.23,1018.48,493.27
473,4,1103.43,530.25,1148.55,566.06,45.11,35.8,1125.99,548.15
474,4,1098.04,532.81,1144.57,569.45,46.53,36.64,1121.3,551.13
475,4,1093.04,534.74,1140.22,571.98,47.18,37.24,1116.63,553.36
476,4,1089.56,538.5,1135.99,574.28,46.43,35.79,1112.78,556.39
477,4,1085.49,541.96,1130.64,577.31,45.16,35.35,1108.07,559.64
478,4,1080.18,542.58,1126.0,579.08,45.82,36.51,1103.09,560.83
479,4,1074.99,545.64,1121.58,582.13,46.6,36.49,1098.28,563.89
480,4,1071.53,550.18,1117.73,586.84,46.19,36.65,1094.63,568.51
481,4,1069.01,551.09,1113.81,589.07,44.8,37.99,1091.41,570.08
482,4,1027.38,554.86,1075.08,591.48,47.7,36.61,1051.23,573.17
483,4,1039.83,557.61,1086.15,594.37,46.32,36.76,1062.99,575.99
484,4,1037.05,560.43,1083.37,597.2,46.32,36.77,1060.21,578.81
485,4,1034.27,563.26,1080.6,600.02,46.33,36.77,1057.43,581.64
486,4,1031.49,566.08,1077.82,602.85,46.33,36.77,1054.65,584.47
487,4,1028.71,568.91,1075.04,605.68,46.33,36.77,1051.88,587.29
488,4,1025.93,571.73,1072.27,608.51,46.34,36.78,1049.1,590.12
489,4,1023.15,574.56,1069.49,611.33,46.34,36.78,1046.32,592.94
490,4,1020.37,577.38,1066.71,614.16,46.34,36.78,1043.54,595.77
491,4,1017.59,580.21,1063.94,616.99,46.35,36.78,1040.77,598.6
492,4,1014.81,583.03,1061.16,619.82,46.35,36.79,1037.99,601.42
493,4,1012.03,585.86,1058.39,622.64,46.35,36.79,1035.21,604.25
494,4,1009.25,588.68,1055.61,625.47,46.36,36.79,1032.43,607.08
495,4,1006.47,591.51,1052.83,628.3,46.36,36.79,1029.65,609.9
496,4,1003.69,594.33,1050.06,631.13,46.36,36.8,1026.88,612.73
497,4,1000.92,597.16,1047.28,633.95,46.37,36.8,1024.1,615.56
498,4,998.14,599.98,1044.5,636.78,46.37,36.8,1021.32,618.38
499,4,995.36,602.81,1041.73,639.61,46.37,36.8,1018.54,621.21
500,4,992.58,605.63,1038.95,642.44,46.38,36.81,1015.76,624.03
501,4,989.8,608.46,1036.18,645.27,46.38,36.81,1012.99,626.86
502,4,987.02,611.28,1033.4,648.09,46.38,36.81,1010.21,629.69
503,4,984.24,614.11,1030.62,650.92,46.38,36.81,1007.43,632.51
504,4,981.46,616.93,1027.85,653.75,46.39,36.82,1004.65,635.34
505,4,978.68,619.76,1025.07,656.58,46.39,36.82,1001.87,638.17
506,4,975.9,622.58,1022.29,659.4,46.39,36.82,999.1,640.99
507,4,973.12,625.41,1019.52,662.23,46.4,36.82,996.32,643.82
508,4,970.34,628.23,1016.74,665.06,46.4,36.83,993.54,646.65
509,4,967.56,631.06,1013.96,667.89,46.4,36.83,990.76,649.47
510,4,964.78,633.88,1011.19,670.71,46.41,36.83,987.99,652.3
511,4,962.0,636.71,1008.41,673.54,46.41,36.83,985.21,655.12
512,4,959.22,639.53,1005.64,676.37,46.41,36.84,982.43,657.95
513,5,659.22,438.95,706.35,475.23,47.14,36.28,682.78,457.09
514,5,660.16,442.58,703.77,477.24,43.61,34.66,681.96,459.91
515,5,658.42,446.43,704.62,480.01,46.2,33.57,681.52,463.22
516,5,660.11,447.94,705.69,482.47,45.58,34.53,682.9,465.21
517,5,693.34,446.08,744.48,488.88,51.14,42.8,718.91,467.48
518,5,823.73,454.16,873.42,492.49,49.7,38.33,848.58,473.33
519,5,823.73,454.16,873.42,492.49,49.7,38.33,848.58,473.33
520,5,823.73,454.16,873.42,492.49,49.7,38.33,848.58,473.33
521,5,823.73,454.16,873.42,492.49,49.7,38.33,848.58,473.33
522,5,823.73,454.16,873.42,492.49,49.7,38.33,848.58,473.33
523,5,823.73,454.16,873.42,492.49,49.7,38.33,848.58,473.33
524,5,823.73,454.16,873.42,492.49,49.7,38.33,848.58,473.33
525,5,823.73,454.16,873.42,492.49,49.7,38.33,848.58,473.33
526,5,823.73,454.16,873.42,492.49,49.7,38.33,848.58,473.33
527,5,823.73,454.16,873.42,492.49,49.7,38.33,848.58,473.33
528,5,823.73,454.16,873.42,492.49,49.7,38.33,848.58,473.33
529,5,823.73,454.16,873.42,492.49,49.7,38.33,848.58,473.33
530,5,823.73,454.16,873.42,492.49,49.7,38.33,848.58,473.33
531,5,823.73,454.16,873.42,492.49,49.7,38.33,848.58,473.33
532,5,823.73,454.16,873.42,492.49,49.7,38.33,848.58,473.33
533,5,823.73,454.16,873.42,492.49,49.7,38.33,848.58,473.33
534,5,823.73,454.16,873.42,492.49,49.7,38.33,848.58,473.33
535,5,823.73,454.16,873.42,492.49,49.7,38.33,848.58,473.33
536,5,823.73,454.16,873.42,492.49,49.7,38.33,848.58,473.33
537,5,823.73,454.16,873.42,492.49,49.7,38.33,848.58,473.33
538,5,823.73,454.16,873.42,492.49,49.7,38.33,848.58,473.33
539,5,823.73,454.16,873.42,492.49,49.7,38.33,848.58,473.33
540,5,823.73,454.16,873.42,492.49,49.7,38.33,848.58,473.33
541,5,823.73,454.16,873.42,492.49,49.7,38.33,848.58,473.33
542,5,823.73,454.16,873.42,492.49,49.7,38.33,848.58,473.33
543,5,823.73,454.16,873.42,492.49,49.7,38.33,848.58,473.33
544,5,823.73,454.16,873.42,492.49,49.7,38.33,848.58,473.33
545,5,823.73,454.16,873.42,492.49,49.7,38.33,848.58,473.33
546,5,823.73,454.16,873.42,492.49,49.7,38.33,848.58,473.33
547,5,823.73,454.16,873.42,492.49,49.7,38.33,848.58,473.33
548,5,823.73,454.16,873.42,492.49,49.7,38.33,848.58,473.33
549,6,1034.13,540.4,1078.7,577.95,44.57,37.55,1056.41,559.17
550,6,1034.85,543.93,1080.65,579.05,45.8,35.12,1057.75,561.49
551,6,1035.06,547.44,1080.07,582.1,45.02,34.66,1057.56,564.77
552,6,1037.42,549.38,1083.37,584.4,45.95,35.02,1060.39,566.89
553,6,1039.57,553.53,1084.19,588.67,44.62,35.14,1061.88,571.1
554,6,1039.51,555.24,1084.98,591.0,45.47,35.77,1062.24,573.12
555,6,1041.63,558.32,1085.76,592.86,44.13,34.54,1063.7,575.59
556,6,1041.79,560.02,1087.86,595.75,46.07,35.73,1064.82,577.88
557,6,1044.42,561.87,1090.03,598.12,45.61,36.26,1067.22,580.0
558,6,1044.3,564.48,1089.36,600.95,45.06,36.47,1066.83,582.72
559,6,1043.94,568.6,1089.89,604.64,45.95,36.04,1066.91,586.62
560,6,1043.85,571.24,1090.14,605.86,46.28,34.62,1066.99,588.55
561,6,1046.11,573.21,1093.78,608.59,47.68,35.38,1069.95,590.9
562,6,1048.96,576.64,1095.79,612.02,46.83,35.38,1072.37,594.33
563,6,1050.94,578.71,1096.18,613.94,45.24,35.24,1073.56,596.33
564,6,1051.13,582.16,1094.58,617.58,43.45,35.42,1072.85,599.87
565,6,1049.39,585.14,1098.47,621.88,49.08,36.73,1073.93,603.51
566,6,1053.85,588.19,1098.89,624.75,45.04,36.57,1076.37,606.47
567,6,1056.31,591.06,1101.49,627.17,45.19,36.12,1078.9,609.12
568,6,1056.24,594.82,1104.17,629.97,47.93,35.15,1080.2,612.4
569,6,1056.67,597.33,1102.26,633.17,45.59,35.83,1079.46,615.25
570,6,1056.99,600.68,1103.64,636.79,46.65,36.11,1080.31,618.74
571,6,1060.24,604.52,1105.47,640.29,45.22,35.77,1082.85,622.4
572,6,1062.1,607.26,1105.15,641.32,43.06,34.06,1083.63,624.29
573,6,1061.81,610.4,1106.33,644.09,44.52,33.7,1084.07,627.25
574,6,1065.92,612.62,1107.44,647.19,41.52,34.57,1086.68,629.9
575,6,1065.78,615.14,1110.83,649.01,45.04,33.87,1088.3,632.07
576,6,1068.26,617.48,1111.73,652.24,43.47,34.76,1089.99,634.86
577,6,1066.64,620.81,1113.53,656.52,46.89,35.71,1090.09,638.66
578,6,1069.5,623.69,1116.38,660.16,46.88,36.47,1092.94,641.92
579,6,1072.27,627.36,1118.09,664.87,45.82,37.51,1095.18,646.11
580,6,1072.59,629.82,1119.01,666.82,46.41,37.0,1095.8,648.32
581,6,1076.75,632.96,1120.43,669.04,43.69,36.08,1098.59,651.0
582,6,1077.5,636.15,1124.03,671.79,46.53,35.64,1100.77,653.97
583,6,1081.6,632.15,1125.45,668.71,43.86,36.56,1103.52,650.43
584,6,1081.95,572.37,1125.66,609.08,43.71,36.71,1103.81,590.72
585,6,1085.69,544.9,1127.02,579.33,41.34,34.43,1106.36,562.12
586,6,1088.12,548.79,1129.84,583.4,41.72,34.61,1108.98,566.09
587,6,1088.98,552.24,1134.13,586.93,45.15,34.69,1111.56,569.59
588,6,1089.78,553.72,1134.02,589.97,44.24,36.25,1111.9,571.85
589,6,1091.05,558.83,1136.4,593.3,45.35,34.47,1113.73,576.07
590,6,1092.53,562.9,1139.15,596.87,46.62,33.97,1115.84,579.88
591,6,1096.39,563.71,1140.0,599.49,43.62,35.79,1118.2,581.6
592,6,1096.24,568.39,1141.39,603.43,45.15,35.03,1118.81,585.91
593,6,1098.57,571.25,1141.82,605.55,43.25,34.3,1120.2,588.4
594,6,1098.95,574.01,1142.84,607.54,43.89,33.53,1120.89,590.78
595,6,1101.11,578.31,1143.64,611.96,42.53,33.65,1122.38,595.14
596,6,1101.41,580.19,1147.99,613.1,46.59,32.9,1124.7,596.64
597,6,1105.15,582.9,1148.02,616.77,42.86,33.87,1126.58,599.84
598,6,1107.75,584.89,1150.03,619.63,42.28,34.75,1128.89,602.26
599,6,1106.73,588.16,1152.0,621.53,45.27,33.37,1129.37,604.85
600,6,1108.26,590.89,1154.57,625.31,46.32,34.43,1131.41,608.1
601,6,1111.48,592.5,1156.21,628.44,44.73,35.94,1133.85,610.47
602,6,1112.39,594.82,1158.39,631.56,46.0,36.74,1135.39,613.19
603,6,1114.13,598.31,1159.33,634.11,45.2,35.8,1136.73,616.21
604,6,1117.6,600.81,1159.2,635.29,41.59,34.47,1138.4,618.05
605,6,1118.62,603.41,1163.17,636.75,44.55,33.34,1140.9,620.08
606,6,1121.55,607.03,1163.49,640.98,41.94,33.95,1142.52,624.0
607,6,1124.33,607.87,1166.17,641.56,41.84,33.69,1145.25,624.72
608,6,1122.43,610.35,1169.35,645.87,46.93,35.52,1145.89,628.11
609,6,1126.64,613.34,1171.42,650.07,44.78,36.73,1149.03,631.7
610,6,1125.06,614.91,1170.95,651.24,45.89,36.33,1148.01,633.08
611,6,1128.67,618.51,1174.6,654.13,45.93,35.62,1151.63,636.32
612,6,1132.28,622.73,1175.44,658.24,43.15,35.51,1153.86,640.48
613,6,1129.48,625.51,1177.79,660.28,48.31,34.78,1153.64,642.9
614,6,1133.06,628.44,1177.61,663.31,44.55,34.87,1155.33,645.87
615,6,1135.08,630.45,1179.98,663.67,44.9,33.22,1157.53,647.06
616,6,1136.78,632.24,1182.16,666.41,45.38,34.17,1159.47,649.33
617,6,1139.38,635.31,1183.04,670.14,43.65,34.83,1161.21,652.73
618,6,1140.72,636.95,1185.65,672.49,44.93,35.54,1163.19,654.72
619,6,1143.47,639.32,1188.49,674.73,45.01,35.41,1165.98,657.03
620,6,1147.64,642.53,1189.73,677.12,42.09,34.59,1168.68,659.83
621,6,1146.3,645.04,1191.18,679.28,44.88,34.23,1168.74,662.16
622,6,1148.87,647.86,1193.15,681.95,44.28,34.09,1171.01,664.9
623,6,1150.87,650.79,1193.48,685.25,42.61,34.46,1172.18,668.02
624,6,1150.75,653.2,1195.89,687.37,45.14,34.17,1173.32,670.29
625,6,1116.53,656.07,1160.39,691.78,43.86,35.72,1138.46,673.92
626,6,1106.45,651.01,1150.76,696.12,44.32,45.12,1128.61,673.57
627,6,1112.2,658.27,1156.85,695.74,44.65,37.47,1134.53,677.01
628,6,1110.4,660.76,1155.11,698.27,44.7,37.51,1132.76,679.51
629,6,1108.61,663.24,1153.36,700.8,44.75,37.55,1130.98,682.02
630,6,1106.81,665.73,1151.61,703.33,44.8,37.6,1129.21,684.53
631,6,1105.01,668.22,1149.86,705.86,44.85,37.64,1127.44,687.04
632,6,1103.22,670.71,1148.11,708.39,44.9,37.68,1125.66,689.55
633,6,1101.42,673.2,1146.36,710.91,44.94,37.72,1123.89,692.05
634,6,1099.62,675.68,1144.61,713.44,44.99,37.76,1122.12,694.56
635,6,1097.82,678.17,1142.87,715.97,45.04,37.8,1120.34,697.07
636,6,1096.03,680.66,1141.12,718.5,45.09,37.84,1118.57,699.58
637,6,1094.23,683.15,1139.37,721.03,45.14,37.88,1116.8,702.09
638,6,1092.43,685.63,1137.62,723.56,45.19,37.92,1115.03,704.59
639,6,1090.64,688.12,1135.87,726.08,45.23,37.96,1113.25,707.1
640,6,1088.84,690.61,1134.12,728.61,45.28,38.0,1111.48,709.61
641,6,1087.04,693.1,1132.37,731.14,45.33,38.04,1109.71,712.12
642,6,1085.25,695.59,1130.62,733.67,45.38,38.08,1107.93,714.63
643,6,1083.45,698.07,1128.88,736.2,45.43,38.12,1106.16,717.13
644,6,1081.65,700.56,1127.13,738.72,45.48,38.16,1104.39,719.64
645,6,1079.85,703.05,1125.38,741.25,45.52,38.2,1102.62,722.15
646,6,1078.06,705.54,1123.63,743.78,45.57,38.24,1100.84,724.66
647,6,1076.26,708.02,1121.88,746.31,45.62,38.28,1099.07,727.17
648,6,1074.46,710.51,1120.13,748.84,45.67,38.32,1097.3,729.68
649,6,1072.67,713.0,1118.38,751.37,45.71,38.36,1095.52,732.18
650,6,1070.87,715.49,1116.63,753.89,45.76,38.41,1093.75,734.69
651,6,1069.07,717.98,1114.88,756.42,45.81,38.45,1091.98,737.2
652,6,1067.28,720.46,1113.13,758.95,45.86,38.49,1090.21,739.71
653,6,1065.48,722.95,1111.39,761.48,45.91,38.52,1088.43,742.22
654,6,1063.68,725.44,1109.64,764.01,45.95,38.56,1086.66,744.72
655,6,1061.89,727.93,1107.89,766.53,46.0,38.6,1084.89,747.23
656,6,1060.09,730.42,1106.14,769.06,46.05,38.64,1083.11,749.74
657,7,664.77,568.86,709.32,607.88,44.55,39.02,687.05,588.37
658,7,664.95,574.27,710.47,611.07,45.51,36.8,687.71,592.67
659,7,665.41,577.65,710.02,614.67,44.61,37.03,687.71,596.16
660,7,665.98,580.05,709.53,617.31,43.55,37.26,687.75,598.68
661,7,662.7,583.61,712.18,621.06,49.48,37.45,687.44,602.33
662,7,667.79,586.42,710.99,624.48,43.2,38.06,689.39,605.45
663,7,667.2,589.53,713.71,625.9,46.52,36.37,690.45,607.72
664,7,668.18,592.61,714.16,629.75,45.98,37.15,691.17,611.18
665,7,668.3,594.96,713.45,631.74,45.15,36.78,690.87,613.35
666,7,670.21,597.14,714.3,635.46,44.08,38.32,692.25,616.3
667,7,667.83,600.1,715.99,638.73,48.16,38.63,691.91,619.41
668,7,671.53,601.19,716.97,641.69,45.44,40.5,694.25,621.44
669,7,671.9,606.25,717.43,643.65,45.53,37.4,694.67,624.95
670,7,672.13,609.21,717.32,647.04,45.19,37.83,694.73,628.13
671,7,673.6,611.54,717.22,650.32,43.63,38.78,695.41,630.93
672,7,672.52,614.48,718.83,652.47,46.3,37.99,695.68,633.48
673,7,672.71,619.02,718.99,657.53,46.28,38.5,695.85,638.27
674,7,674.65,621.94,720.26,658.03,45.61,36.09,697.46,639.98
675,7,675.94,624.2,721.21,662.2,45.27,38.0,698.57,643.2
676,7,679.39,627.47,721.67,664.66,42.28,37.19,700.53,646.07
677,7,677.89,629.23,722.51,666.79,44.61,37.56,700.2,648.01
678,7,680.27,632.79,726.44,670.75,46.17,37.96,703.36,651.77
679,7,680.97,634.72,726.37,673.45,45.4,38.73,703.67,654.08
680,7,681.17,637.91,727.98,676.5,46.81,38.59,704.57,657.21
681,7,682.9,641.77,729.47,680.23,46.56,38.46,706.18,661.0
682,7,683.76,644.62,730.63,683.12,46.87,38.5,707.19,663.87
683,7,686.52,647.18,733.24,685.8,46.72,38.62,709.88,666.49
684,7,687.12,651.69,735.04,689.61,47.91,37.92,711.08,670.65
685,7,691.73,653.0,736.47,692.23,44.74,39.23,714.1,672.61
686,7,690.18,656.97,737.38,695.2,47.2,38.23,713.78,676.09
687,7,694.52,659.87,738.72,696.57,44.2,36.69,716.62,678.22
688,7,694.3,662.89,739.65,699.45,45.35,36.56,716.98,681.17
689,7,697.2,666.22,743.57,702.71,46.37,36.49,720.39,684.46
690,7,699.52,669.89,746.61,705.56,47.09,35.67,723.06,687.73
691,7,702.18,673.02,745.75,709.57,43.57,36.55,723.97,691.3
692,7,704.56,676.23,748.74,713.08,44.18,36.85,726.65,694.65
693,7,709.41,629.87,755.5,668.22,46.09,38.34,732.45,649.04
694,7,712.27,572.17,752.28,607.73,40.01,35.56,732.27,589.95
695,7,710.22,506.12,760.34,546.03,50.12,39.91,735.28,526.08
696,7,717.43,478.85,761.78,515.8,44.35,36.95,739.6,497.33
697,7,719.92,485.13,763.36,522.45,43.44,37.32,741.64,503.79
698,7,722.09,489.73,765.71,526.34,43.62,36.61,743.9,508.03
699,7,723.18,491.9,767.3,529.8,44.11,37.9,745.24,510.85
700,7,724.28,496.2,769.98,532.66,45.7,36.47,747.13,514.43
701,7,727.83,500.87,769.59,537.43,41.76,36.56,748.71,519.15
702,7,730.77,501.38,772.43,537.64,41.66,36.27,751.6,519.51
703,7,731.23,506.75,776.96,542.33,45.73,35.57,754.09,524.54
704,7,734.66,506.57,780.31,545.59,45.65,39.01,757.49,526.08
705,7,737.97,511.07,783.5,548.66,45.53,37.6,760.73,529.86
706,7,738.21,513.57,785.32,551.86,47.11,38.28,761.77,532.72
707,7,742.47,516.43,785.79,554.68,43.32,38.25,764.13,535.56
708,7,747.54,520.7,788.39,557.87,40.85,37.17,767.96,539.28
709,7,748.31,523.9,793.14,559.8,44.82,35.9,770.73,541.85
710,7,752.97,527.02,794.96,562.6,41.99,35.58,773.96,544.81
711,7,753.57,530.64,798.49,565.97,44.93,35.34,776.03,548.31
712,7,757.3,534.65,800.0,569.5,42.7,34.85,778.65,552.07
713,7,760.73,535.08,803.44,570.76,42.71,35.68,782.09,552.92
714,7,763.73,538.6,808.29,574.44,44.56,35.85,786.01,556.52
715,7,768.73,540.43,809.9,577.53,41.17,37.1,789.31,558.98
716,7,770.23,543.26,814.81,581.11,44.58,37.86,792.52,562.18
717,7,775.14,546.03,818.86,583.93,43.72,37.9,797.0,564.98
718,7,777.98,550.39,822.34,585.75,44.35,35.36,800.16,568.07
719,7,783.18,553.22,826.96,588.77,43.78,35.55,805.07,570.99
720,7,786.08,555.78,829.92,592.1,43.84,36.32,808.0,573.94
721,7,789.84,558.82,834.21,595.02,44.38,36.2,812.02,576.92
722,7,792.85,561.96,836.01,598.06,43.16,36.1,814.43,580.01
723,7,799.43,563.78,841.21,600.15,41.78,36.37,820.32,581.96
724,7,803.04,566.86,846.86,602.33,43.82,35.48,824.95,584.6
725,7,808.59,570.52,850.47,606.37,41.88,35.84,829.53,588.44
726,7,812.17,571.72,854.62,609.5,42.45,37.78,833.4,590.61
727,7,815.74,574.34,858.75,612.73,43.01,38.39,837.24,593.53
728,7,818.3,578.07,864.77,616.4,46.47,38.33,841.53,597.23
729,7,822.58,580.43,867.18,618.68,44.61,38.26,844.88,599.56
730,7,827.33,583.85,870.75,621.45,43.42,37.6,849.04,602.65
731,7,831.31,588.09,874.96,624.02,43.65,35.93,853.13,606.06
732,7,837.11,590.76,881.0,627.28,43.9,36.52,859.06,609.02
733,7,842.68,592.08,887.13,629.74,44.45,37.66,864.9,610.91
734,7,846.93,597.11,891.81,634.05,44.88,36.94,869.37,615.58
735,7,850.34,599.49,895.87,636.87,45.53,37.38,873.11,618.18
736,7,854.94,602.94,898.32,639.53,43.38,36.6,876.63,621.23
737,7,860.82,604.83,903.83,641.78,43.02,36.94,882.32,623.31
738,7,863.51,608.01,910.98,644.99,47.46,36.98,887.24,626.5
739,7,871.32,611.57,916.27,647.44,44.95,35.87,893.8,629.51
740,7,877.53,613.23,921.81,651.15,44.28,37.91,899.67,632.19
741,7,880.72,617.17,927.26,654.99,46.55,37.82,903.99,636.08
742,7,887.34,620.77,929.27,658.33,41.93,37.56,908.31,639.55
743,7,893.29,622.97,935.11,660.72,41.82,37.75,914.2,641.85
744,7,899.57,625.32,942.73,663.73,43.16,38.41,921.15,644.52
745,7,905.04,630.11,945.49,668.25,40.44,38.14,925.27,649.18
746,7,909.5,633.61,953.66,671.28,44.16,37.67,931.58,652.45
747,7,916.32,637.51,958.59,674.08,42.27,36.56,937.45,655.8
748,7,922.29,637.83,964.17,675.94,41.88,38.11,943.23,656.88
749,7,927.22,642.28,969.67,679.75,42.44,37.47,948.45,661.01
750,7,930.63,645.19,975.84,682.52,45.21,37.32,953.24,663.85
751,7,938.07,647.78,979.59,684.27,41.52,36.49,958.83,666.03
752,7,943.45,651.75,986.78,687.65,43.33,35.9,965.12,669.7
753,7,948.38,655.53,990.16,691.84,41.78,36.31,969.27,673.69
754,7,954.35,657.38,996.66,694.21,42.31,36.83,975.5,675.8
755,7,959.34,659.99,1002.93,696.69,43.59,36.7,981.13,678.34
756,7,965.98,662.92,1007.48,700.34,41.5,37.41,986.73,681.63
757,7,970.62,665.26,1012.96,704.08,42.35,38.82,991.79,684.67
758,7,976.57,668.44,1019.26,705.16,42.69,36.72,997.91,686.8
759,7,982.6,671.55,1025.91,708.06,43.31,36.51,1004.25,689.81
760,7,989.21,674.67,1030.63,711.46,41.41,36.78,1009.92,693.06
761,7,993.43,675.88,1037.0,714.41,43.56,38.53,1015.22,695.14
762,7,1001.85,680.58,1044.56,717.15,42.71,36.56,1023.2,698.86
763,7,1007.92,683.64,1050.17,720.0,42.25,36.36,1029.05,701.82
764,7,1013.08,686.27,1054.69,724.33,41.61,38.06,1033.89,705.3
765,7,1019.78,688.1,1060.95,724.89,41.17,36.79,1040.37,706.5
766,7,1023.79,691.97,1066.55,728.49,42.77,36.52,1045.17,710.23
767,7,1030.94,694.99,1072.66,732.74,41.72,37.75,1051.8,713.87
768,7,1037.63,698.4,1079.27,735.22,41.64,36.82,1058.45,716.81
769,7,1042.76,701.9,1087.84,738.66,45.07,36.75,1065.3,720.28
770,7,1048.67,704.15,1094.04,741.92,45.36,37.77,1071.35,723.03
771,7,1055.36,706.27,1098.97,744.65,43.61,38.38,1077.17,725.46
772,7,1063.13,689.49,1105.26,727.23,42.13,37.75,1084.19,708.36
773,7,1069.56,623.5,1111.56,667.12,42.0,43.62,1090.56,645.31
774,7,1073.16,562.72,1119.25,606.45,46.1,43.73,1096.21,584.59
775,7,1082.43,525.16,1125.15,562.49,42.72,37.33,1103.79,543.83
776,7,1088.37,529.88,1134.39,567.11,46.02,37.24,1111.38,548.49
777,7,1095.43,534.2,1141.77,572.17,46.34,37.98,1118.6,553.19
778,7,1102.78,538.92,1145.75,575.01,42.96,36.09,1124.26,556.96
779,7,1108.49,540.3,1154.11,580.33,45.62,40.03,1131.3,560.31
780,7,1056.65,542.09,1103.24,583.67,46.6,41.57,1079.94,562.88
781,7,1071.45,545.12,1117.01,584.57,45.56,39.44,1094.23,564.85
782,7,1069.07,547.44,1114.65,586.91,45.58,39.46,1091.86,567.18
783,7,1066.68,549.76,1112.28,589.25,45.61,39.48,1089.48,569.51
784,7,1064.29,552.09,1109.92,591.59,45.63,39.5,1087.1,571.84
785,7,1061.9,554.41,1107.55,593.93,45.65,39.52,1084.73,574.17
786,7,1059.51,556.73,1105.19,596.27,45.67,39.54,1082.35,576.5
787,7,1057.12,559.05,1102.82,598.61,45.7,39.56,1079.97,578.83
788,7,1054.74,561.37,1100.45,600.95,45.72,39.58,1077.6,581.16
789,7,1052.35,563.69,1098.09,603.29,45.74,39.6,1075.22,583.49
790,7,1049.96,566.01,1095.72,605.63,45.76,39.62,1072.84,585.82
791,7,1047.57,568.33,1093.36,607.97,45.79,39.64,1070.46,588.15
792,7,1045.18,570.65,1090.99,610.31,45.81,39.66,1068.09,590.48
793,7,1042.79,572.97,1088.63,612.65,45.83,39.68,1065.71,592.81
794,7,1040.41,575.29,1086.26,614.99,45.86,39.7,1063.33,595.14
795,7,1038.02,577.61,1083.89,617.33,45.88,39.72,1060.96,597.47
796,7,1035.63,579.93,1081.53,619.67,45.9,39.74,1058.58,599.8
797,7,1033.24,582.25,1079.16,622.01,45.92,39.76,1056.2,602.13
798,7,1030.85,584.57,1076.8,624.35,45.95,39.78,1053.82,604.46
799,7,1028.46,586.89,1074.43,626.69,45.97,39.8,1051.45,606.79
800,7,1026.07,589.21,1072.07,629.03,45.99,39.82,1049.07,609.12
801,7,1023.69,591.53,1069.7,631.37,46.01,39.84,1046.69,611.45
802,7,1021.3,593.86,1067.33,633.71,46.04,39.86,1044.32,613.78
803,7,1018.91,596.18,1064.97,636.05,46.06,39.88,1041.94,616.11
804,7,1016.52,598.5,1062.6,638.39,46.08,39.9,1039.56,618.44
805,7,1014.13,600.82,1060.24,640.73,46.1,39.92,1037.18,620.77
806,7,1011.74,603.14,1057.87,643.07,46.13,39.94,1034.81,623.11
807,7,1009.36,605.46,1055.51,645.41,46.15,39.95,1032.43,625.44
808,7,1006.97,607.78,1053.14,647.75,46.17,39.97,1030.05,627.77
809,7,1004.58,610.1,1050.77,650.09,46.19,39.99,1027.68,630.1
810,7,875.18,607.93,918.23,645.48,43.05,37.55,896.7,626.71
811,7,879.08,545.0,923.67,582.18,44.59,37.17,901.38,563.59
812,7,892.83,522.25,936.56,558.71,43.73,36.46,914.7,540.48
813,7,896.75,525.32,941.16,562.2,44.41,36.88,918.95,543.76
814,7,903.08,528.97,944.57,565.09,41.49,36.11,923.83,547.03
815,7,911.64,533.5,953.0,569.83,41.35,36.34,932.32,551.67
816,7,915.53,538.9,959.78,575.12,44.25,36.22,937.65,557.01
817,7,921.34,540.96,968.82,578.26,47.48,37.31,945.08,559.61
818,7,929.54,544.45,974.22,581.92,44.68,37.47,951.88,563.18
819,7,938.45,549.34,981.07,585.9,42.62,36.56,959.76,567.62
820,7,943.29,553.14,987.34,589.09,44.05,35.95,965.31,571.12
821,7,951.16,557.37,996.14,593.24,44.98,35.87,973.65,575.3
822,7,958.36,559.45,1001.96,593.82,43.6,34.37,980.16,576.64
823,7,964.27,563.83,1007.24,598.81,42.97,34.99,985.75,581.32
824,7,973.86,567.09,1014.09,601.87,40.23,34.78,993.97,584.48
825,7,976.28,570.81,1020.1,604.71,43.83,33.9,998.19,587.76
826,7,980.86,574.2,1026.66,610.5,45.8,36.29,1003.76,592.35
827,7,985.19,578.27,1029.5,614.38,44.31,36.12,1007.34,596.33
828,7,930.24,580.85,975.74,618.37,45.5,37.52,952.99,599.61
829,7,930.24,580.85,975.74,618.37,45.5,37.52,952.99,599.61
830,7,930.24,580.85,975.74,618.37,45.5,37.52,952.99,599.61
831,7,930.24,580.85,975.74,618.37,45.5,37.52,952.99,599.61
832,7,930.24,580.85,975.74,618.37,45.5,37.52,952.99,599.61
833,7,930.24,580.85,975.74,618.37,45.5,37.52,952.99,599.61
834,7,930.24,580.85,975.74,618.37,45.5,37.52,952.99,599.61
835,7,930.24,580.85,975.74,618.37,45.5,37.52,952.99,599.61
836,7,930.24,580.85,975.74,618.37,45.5,37.52,952.99,599.61
837,7,930.24,580.85,975.74,618.37,45.5,37.52,952.99,599.61
838,7,930.24,580.85,975.74,618.37,45.5,37.52,952.99,599.61
839,7,930.24,580.85,975.74,618.37,45.5,37.52,952.99,599.61
840,7,930.24,580.85,975.74,618.37,45.5,37.52,952.99,599.61
841,7,930.24,580.85,975.74,618.37,45.5,37.52,952.99,599.61
842,7,930.24,580.85,975.74,618.37,45.5,37.52,952.99,599.61
843,7,930.24,580.85,975.74,618.37,45.5,37.52,952.99,599.61
844,7,930.24,580.85,975.74,618.37,45.5,37.52,952.99,599.61
845,7,930.24,580.85,975.74,618.37,45.5,37.52,952.99,599.61
846,7,930.24,580.85,975.74,618.37,45.5,37.52,952.99,599.61
847,7,930.24,580.85,975.74,618.37,45.5,37.52,952.99,599.61
848,7,930.24,580.85,975.74,618.37,45.5,37.52,952.99,599.61
849,7,930.24,580.85,975.74,618.37,45.5,37.52,952.99,599.61
850,7,930.24,580.85,975.74,618.37,45.5,37.52,952.99,599.61
851,7,930.24,580.85,975.74,618.37,45.5,37.52,952.99,599.61
852,7,930.24,580.85,975.74,618.37,45.5,37.52,952.99,599.61
853,7,930.24,580.85,975.74,618.37,45.5,37.52,952.99,599.61
854,7,930.24,580.85,975.74,618.37,45.5,37.52,952.99,599.61
855,7,930.24,580.85,975.74,618.37,45.5,37.52,952.99,599.61
856,7,930.24,580.85,975.74,618.37,45.5,37.52,952.99,599.61
857,7,930.24,580.85,975.74,618.37,45.5,37.52,952.99,599.61
858,7,930.24,580.85,975.74,618.37,45.5,37.52,952.99,599.61
867,8,880.23,611.72,934.33,651.62,54.1,39.9,907.28,631.67
868,8,970.29,621.62,1013.83,656.4,43.54,34.78,992.06,639.01
869,8,964.45,622.9,1006.95,656.06,42.5,33.15,985.7,639.48
870,8,956.34,626.52,1001.33,660.21,44.99,33.69,978.83,643.36
871,8,961.3,629.81,1005.62,663.64,44.32,33.83,983.46,646.73
872,8,963.08,633.17,1007.78,665.14,44.69,31.97,985.43,649.16
873,8,967.55,637.06,1010.59,670.35,43.04,33.29,989.07,653.71
874,8,966.36,639.6,1009.66,672.62,43.3,33.02,988.01,656.11
875,8,968.97,641.35,1011.93,674.92,42.96,33.57,990.45,658.14
876,8,970.37,644.16,1012.51,678.73,42.15,34.57,991.44,661.44
877,8,969.29,647.83,1011.56,682.74,42.28,34.91,990.42,665.28
878,8,967.32,650.87,1008.56,685.96,41.24,35.09,987.94,668.41
879,8,966.98,654.6,1010.18,688.69,43.2,34.09,988.58,671.64
880,8,966.31,656.44,1008.35,691.02,42.03,34.58,987.33,673.73
881,8,966.61,660.75,1008.69,694.77,42.08,34.02,987.65,677.76
882,8,965.35,663.94,1008.82,697.43,43.46,33.49,987.08,680.69
883,8,964.13,664.38,1007.21,699.95,43.08,35.57,985.67,682.16
884,8,963.5,669.3,1005.28,703.86,41.78,34.56,984.39,686.58
885,8,962.91,611.28,1010.14,651.7,47.23,40.42,986.53,631.49
886,8,961.3,551.07,1009.86,590.04,48.56,38.97,985.58,570.55
887,8,963.63,500.2,1006.08,534.35,42.45,34.15,984.86,517.27
888,8,962.33,502.23,1004.68,536.83,42.35,34.6,983.51,519.53
889,8,959.91,505.94,1004.11,542.13,44.2,36.19,982.01,524.04
890,8,959.66,510.44,1002.53,546.71,42.87,36.27,981.09,528.57
891,8,953.79,513.74,999.76,549.45,45.96,35.71,976.78,531.59
892,8,953.27,514.93,998.58,552.66,45.31,37.73,975.93,533.8
893,8,951.31,518.16,996.33,555.91,45.02,37.75,973.82,537.03
894,8,951.2,520.46,993.07,555.73,41.87,35.27,972.13,538.1
895,8,947.72,523.01,990.44,559.12,42.72,36.11,969.08,541.06
896,8,947.01,526.06,989.63,559.85,42.62,33.79,968.32,542.96
897,8,944.24,526.63,985.99,561.11,41.75,34.47,965.11,543.87
898,8,944.09,529.02,986.92,563.12,42.82,34.09,965.51,546.07
899,8,937.33,530.63,982.35,564.76,45.02,34.13,959.84,547.7
900,8,937.3,530.83,980.61,566.0,43.31,35.17,958.96,548.41
901,8,934.16,533.69,978.43,569.84,44.28,36.15,956.3,551.77
902,8,933.3,531.97,977.27,571.65,43.97,39.69,955.29,551.81
903,8,931.05,527.18,974.48,564.28,43.43,37.1,952.77,545.73
904,8,928.12,464.28,971.24,502.97,43.12,38.69,949.68,483.63
905,8,925.54,419.81,967.93,455.14,42.4,35.33,946.74,437.48
906,8,923.27,423.5,965.82,459.85,42.54,36.36,944.54,441.68
907,8,919.64,425.96,963.62,462.53,43.98,36.57,941.63,444.25
908,8,917.69,425.31,959.86,463.59,42.17,38.28,938.77,444.45
909,8,914.34,428.3,956.13,464.74,41.79,36.43,935.23,446.52
910,8,912.65,428.79,954.66,465.59,42.02,36.79,933.66,447.19
911,8,908.83,426.51,951.32,463.42,42.49,36.91,930.08,444.97
912,8,905.69,429.02,950.13,464.83,44.44,35.81,927.91,446.93
913,8,901.41,430.28,946.22,465.2,44.8,34.92,923.82,447.74
914,8,899.33,429.85,942.6,466.52,43.27,36.67,920.96,448.18
915,8,897.81,430.23,940.67,467.83,42.86,37.6,919.24,449.03
916,8,893.26,428.97,935.79,465.72,42.53,36.74,914.52,447.35
917,8,889.21,430.59,933.77,466.66,44.56,36.07,911.49,448.63
918,8,888.51,430.3,930.93,466.15,42.42,35.85,909.72,448.23
919,8,886.88,428.8,927.19,464.86,40.32,36.06,907.04,446.83
920,8,880.39,429.85,924.01,465.67,43.62,35.82,902.2,447.76
921,8,878.09,429.46,920.13,465.56,42.04,36.09,899.11,447.51
922,8,874.14,429.04,918.33,465.61,44.19,36.57,896.24,447.32
923,8,872.61,431.36,915.35,465.95,42.74,34.59,893.98,448.66
924,8,870.61,427.47,912.5,464.28,41.89,36.81,891.55,445.87
925,8,864.21,429.78,909.69,464.55,45.47,34.76,886.95,447.17
926,8,859.55,429.63,905.19,465.43,45.64,35.8,882.37,447.53
927,8,859.21,428.07,904.19,464.86,44.98,36.79,881.7,446.46
928,8,857.2,428.37,899.29,464.61,42.09,36.25,878.25,446.49
929,8,853.71,430.06,895.07,464.67,41.36,34.6,874.39,447.37
930,8,848.98,427.88,893.04,462.7,44.06,34.82,871.01,445.29
931,8,845.18,430.72,887.89,465.65,42.71,34.93,866.53,448.19
932,8,842.65,429.55,883.55,466.19,40.9,36.64,863.1,447.87
933,8,838.27,427.19,881.62,464.28,43.35,37.09,859.94,445.73
934,8,833.19,429.98,877.61,465.37,44.42,35.39,855.4,447.67
935,8,833.78,430.35,872.83,464.79,39.06,34.44,853.31,447.57
936,8,830.45,429.79,869.31,464.81,38.86,35.02,849.88,447.3
937,8,825.78,428.99,866.72,464.76,40.94,35.76,846.25,446.87
938,8,820.47,429.33,863.84,464.33,43.37,35.0,842.15,446.83
939,8,816.97,428.82,860.61,463.84,43.64,35.03,838.79,446.33
940,8,814.35,430.03,856.93,464.44,42.58,34.41,835.64,447.24
941,8,809.45,427.79,853.44,462.29,43.98,34.5,831.44,445.04
942,8,809.87,429.98,850.66,462.92,40.79,32.95,830.27,446.45
943,8,805.74,428.3,847.01,463.3,41.27,35.0,826.37,445.8
944,8,802.78,428.47,842.99,463.05,40.2,34.58,822.89,445.76
945,8,796.17,429.26,841.02,463.56,44.86,34.3,818.59,446.41
946,8,797.17,427.84,838.25,461.78,41.08,33.95,817.71,444.81
947,8,790.93,425.6,833.94,460.53,43.01,34.93,812.44,443.07
948,8,786.92,428.12,829.42,461.25,42.5,33.13,808.17,444.68
949,8,786.52,423.1,829.84,459.34,43.31,36.25,808.18,441.22
950,8,780.46,422.03,825.03,458.48,44.57,36.45,802.75,440.26
951,8,778.06,419.57,820.34,458.29,42.28,38.73,799.2,438.93
952,8,775.16,417.73,817.55,454.55,42.38,36.81,796.36,436.14
953,8,772.49,416.45,813.74,455.48,41.26,39.03,793.11,435.96
954,8,769.81,417.33,811.65,454.68,41.84,37.35,790.73,436.01
955,8,764.14,412.79,807.35,448.7,43.2,35.91,785.74,430.74
956,8,759.83,413.84,804.35,449.78,44.52,35.95,782.09,431.81
957,8,755.4,417.92,800.87,454.76,45.47,36.83,778.13,436.34
958,8,753.3,478.6,798.78,515.2,45.47,36.6,776.04,496.9
959,8,750.61,540.79,791.9,577.93,41.29,37.14,771.25,559.36
960,8,746.26,582.9,793.7,623.21,47.43,40.31,769.98,603.05
961,8,740.43,577.99,787.48,617.53,47.05,39.54,763.96,597.76
962,8,739.45,575.89,786.32,615.45,46.87,39.56,762.88,595.67
963,8,736.7,573.7,781.06,609.92,44.36,36.22,758.88,591.81
964,8,734.08,571.4,777.25,607.58,43.17,36.18,755.66,589.49
965,8,728.99,570.76,773.11,605.96,44.11,35.21,751.05,588.36
966,8,724.04,565.24,770.38,602.22,46.34,36.98,747.21,583.73
967,8,721.62,562.04,767.15,600.74,45.53,38.7,744.38,581.39
968,8,718.93,558.81,763.66,597.12,44.72,38.32,741.3,577.96
969,8,712.81,558.31,759.04,593.81,46.23,35.5,735.92,576.06
970,8,713.01,555.14,756.09,590.93,43.08,35.79,734.55,573.04
971,8,708.03,551.66,754.04,587.28,46.02,35.62,731.03,569.47
972,8,704.36,547.32,751.9,582.78,47.54,35.47,728.13,565.05
973,8,742.43,545.74,785.1,579.88,42.67,34.15,763.77,562.81
974,8,728.19,542.41,772.01,577.12,43.81,34.71,750.1,559.76
975,8,727.92,539.55,771.4,574.0,43.49,34.45,749.66,556.77
976,8,727.65,536.69,770.8,570.87,43.15,34.18,749.22,553.78
977,8,727.37,533.83,770.19,567.75,42.82,33.92,748.78,550.79
978,8,727.1,530.97,769.59,564.62,42.48,33.65,748.34,547.79
979,8,726.83,528.11,768.98,561.49,42.14,33.38,747.91,544.8
980,8,726.57,525.25,768.37,558.37,41.8,33.11,747.47,541.81
981,8,726.3,522.4,767.76,555.24,41.46,32.84,747.03,538.82
982,8,726.03,519.54,767.14,552.11,41.11,32.56,746.59,535.83
983,8,725.77,516.69,766.53,548.98,40.76,32.29,746.15,532.83
984,8,725.51,513.84,765.91,545.84,40.4,32.01,745.71,529.84
985,8,725.25,510.99,765.29,542.71,40.05,31.72,745.27,526.85
986,8,724.99,508.14,764.68,539.58,39.69,31.44,744.83,523.86
987,8,724.73,505.29,764.06,536.44,39.32,31.15,744.39,520.86
988,8,724.48,502.44,763.43,533.3,38.96,30.86,743.95,517.87
989,8,724.22,499.6,762.81,530.16,38.59,30.57,743.52,514.88
990,8,723.97,496.75,762.18,527.02,38.21,30.27,743.08,511.89
991,8,723.72,493.91,761.55,523.88,37.83,29.97,742.64,508.89
992,8,723.47,491.07,760.93,520.74,37.45,29.67,742.2,505.9
993,8,723.23,488.23,760.29,517.59,37.07,29.36,741.76,502.91
994,8,722.98,485.39,759.66,514.45,36.68,29.05,741.32,499.92
995,8,722.74,482.55,759.02,511.3,36.28,28.74,740.88,496.93
996,8,722.5,479.72,758.39,508.15,35.89,28.43,740.44,493.93
997,8,722.26,476.89,757.75,505.0,35.48,28.11,740.0,490.94
998,8,722.03,474.05,757.1,501.84,35.08,27.79,739.56,487.95
999,8,721.79,471.23,756.46,498.69,34.66,27.46,739.13,484.96
1000,8,721.56,468.4,755.81,495.53,34.25,27.13,738.69,481.96
